Workbook

Sheet AvgpitPivot
A1: Driver number | B1: Average of Column1.pit_duration | C1: Driver name | D1: Pitduration | F1: Driver number | G1: Name | H1: Pit stop count | I1: Races | J1: Lambda | K1: Podiums | L1: Podium rate
A2: 1 | B2: 26.758966 | C2: =VLOOKUP(A2,Drivers[[Column1.driver_number]:[Column1.full_name]],2,FALSE) -> Lando NORRIS | D2: =B2 -> 26.758966 | F2: =A2 -> 1 | G2: =VLOOKUP(A2,Drivers[[Column1.driver_number]:[Column1.full_name]],2,FALSE) -> Lando NORRIS | H2: =COUNTIF(Pit_stop[Column1.driver_number],AvgpitPivot!$F2) -> 29 | I2: 6 | J2: =H2/I2 -> 4.8333333 | K2: 1 | L2: =K2/I2 -> 0.16666667
A3: 3 | B3: 27.559054 | C3: =VLOOKUP(A3,Drivers[[Column1.driver_number]:[Column1.full_name]],2,FALSE) -> Max VERSTAPPEN | D3: =B3 -> 27.559054 | F3: =A3 -> 3 | G3: =VLOOKUP(A3,Drivers[[Column1.driver_number]:[Column1.full_name]],2,FALSE) -> Max VERSTAPPEN | H3: =COUNTIF(Pit_stop[Column1.driver_number],AvgpitPivot!$F3) -> 37 | I3: 6 | J3: =H3/I3 -> 6.1666667 | K3: 1 | L3: =K3/I3 -> 0.16666667
A4: 5 | B4: 28.760875 | C4: =VLOOKUP(A4,Drivers[[Column1.driver_number]:[Column1.full_name]],2,FALSE) -> Gabriel BORTOLETO | D4: =B4 -> 28.760875 | F4: =A4 -> 5 | G4: =VLOOKUP(A4,Drivers[[Column1.driver_number]:[Column1.full_name]],2,FALSE) -> Gabriel BORTOLETO | H4: =COUNTIF(Pit_stop[Column1.driver_number],AvgpitPivot!$F4) -> 40 | I4: 6 | J4: =H4/I4 -> 6.6666667 | K4: 0 | L4: =K4/I4 -> 0
A5: 6 | B5: 28.138727 | C5: =VLOOKUP(A5,Drivers[[Column1.driver_number]:[Column1.full_name]],2,FALSE) -> Isack HADJAR | D5: =B5 -> 28.138727 | F5: =A5 -> 6 | G5: =VLOOKUP(A5,Drivers[[Column1.driver_number]:[Column1.full_name]],2,FALSE) -> Isack HADJAR | H5: =COUNTIF(Pit_stop[Column1.driver_number],AvgpitPivot!$F5) -> 33 | I5: 6 | J5: =H5/I5 -> 5.5 | K5: 1 | L5: =K5/I5 -> 0.16666667
A6: 10 | B6: 26.686559 | C6: =VLOOKUP(A6,Drivers[[Column1.driver_number]:[Column1.full_name]],2,FALSE) -> Pierre GASLY | D6: =B6 -> 26.686559 | F6: =A6 -> 10 | G6: =VLOOKUP(A6,Drivers[[Column1.driver_number]:[Column1.full_name]],2,FALSE) -> Pierre GASLY | H6: =COUNTIF(Pit_stop[Column1.driver_number],AvgpitPivot!$F6) -> 34 | I6: 6 | J6: =H6/I6 -> 5.6666667 | K6: 0 | L6: =K6/I6 -> 0
A7: 11 | B7: 26.0654 | C7: =VLOOKUP(A7,Drivers[[Column1.driver_number]:[Column1.full_name]],2,FALSE) -> Sergio PEREZ | D7: =B7 -> 26.0654 | F7: =A7 -> 11 | G7: =VLOOKUP(A7,Drivers[[Column1.driver_number]:[Column1.full_name]],2,FALSE) -> Sergio PEREZ | H7: =COUNTIF(Pit_stop[Column1.driver_number],AvgpitPivot!$F7) -> 25 | I7: 6 | J7: =H7/I7 -> 4.1666667 | K7: 0 | L7: =K7/I7 -> 0
A8: 12 | B8: 26.8772 | C8: =VLOOKUP(A8,Drivers[[Column1.driver_number]:[Column1.full_name]],2,FALSE) -> Kimi ANTONELLI | D8: =B8 -> 26.8772 | F8: =A8 -> 12 | G8: =VLOOKUP(A8,Drivers[[Column1.driver_number]:[Column1.full_name]],2,FALSE) -> Kimi ANTONELLI | H8: =COUNTIF(Pit_stop[Column1.driver_number],AvgpitPivot!$F8) -> 40 | I8: 6 | J8: =H8/I8 -> 6.6666667 | K8: 6 | L8: =MIN(K8/I8,0.99) -> 0.99
A9: 14 | B9: 27.2359 | C9: =VLOOKUP(A9,Drivers[[Column1.driver_number]:[Column1.full_name]],2,FALSE) -> Fernando ALONSO | D9: =B9 -> 27.2359 | F9: =A9 -> 14 | G9: =VLOOKUP(A9,Drivers[[Column1.driver_number]:[Column1.full_name]],2,FALSE) -> Fernando ALONSO | H9: =COUNTIF(Pit_stop[Column1.driver_number],AvgpitPivot!$F9) -> 20 | I9: 6 | J9: =H9/I9 -> 3.3333333 | K9: 0 | L9: =K9/I9 -> 0
A10: 16 | B10: 27.227976 | C10: =VLOOKUP(A10,Drivers[[Column1.driver_number]:[Column1.full_name]],2,FALSE) -> Charles LECLERC | D10: =B10 -> 27.227976 | F10: =A10 -> 16 | G10: =VLOOKUP(A10,Drivers[[Column1.driver_number]:[Column1.full_name]],2,FALSE) -> Charles LECLERC | H10: =COUNTIF(Pit_stop[Column1.driver_number],AvgpitPivot!$F10) -> 42 | I10: 6 | J10: =H10/I10 -> 7 | K10: 2 | L10: =K10/I10 -> 0.33333333
A11: 18 | B11: 26.338095 | C11: =VLOOKUP(A11,Drivers[[Column1.driver_number]:[Column1.full_name]],2,FALSE) -> Lance STROLL | D11: =B11 -> 26.338095 | F11: =A11 -> 18 | G11: =VLOOKUP(A11,Drivers[[Column1.driver_number]:[Column1.full_name]],2,FALSE) -> Lance STROLL | H11: =COUNTIF(Pit_stop[Column1.driver_number],AvgpitPivot!$F11) -> 21 | I11: 6 | J11: =H11/I11 -> 3.5 | K11: 0 | L11: =K11/I11 -> 0
A12: 27 | B12: 26.740276 | C12: =VLOOKUP(A12,Drivers[[Column1.driver_number]:[Column1.full_name]],2,FALSE) -> Nico HULKENBERG | D12: =B12 -> 26.740276 | F12: =A12 -> 27 | G12: =VLOOKUP(A12,Drivers[[Column1.driver_number]:[Column1.full_name]],2,FALSE) -> Nico HULKENBERG | H12: =COUNTIF(Pit_stop[Column1.driver_number],AvgpitPivot!$F12) -> 29 | I12: 6 | J12: =H12/I12 -> 4.8333333 | K12: 0 | L12: =K12/I12 -> 0
A13: 30 | B13: 30.404587 | C13: =VLOOKUP(A13,Drivers[[Column1.driver_number]:[Column1.full_name]],2,FALSE) -> Liam LAWSON | D13: =B13 -> 30.404587 | F13: =A13 -> 30 | G13: =VLOOKUP(A13,Drivers[[Column1.driver_number]:[Column1.full_name]],2,FALSE) -> Liam LAWSON | H13: =COUNTIF(Pit_stop[Column1.driver_number],AvgpitPivot!$F13) -> 46 | I13: 6 | J13: =H13/I13 -> 7.6666667 | K13: 0 | L13: =K13/I13 -> 0
A14: 31 | B14: 26.513825 | C14: =VLOOKUP(A14,Drivers[[Column1.driver_number]:[Column1.full_name]],2,FALSE) -> Esteban OCON | D14: =B14 -> 26.513825 | F14: =A14 -> 31 | G14: =VLOOKUP(A14,Drivers[[Column1.driver_number]:[Column1.full_name]],2,FALSE) -> Esteban OCON | H14: =COUNTIF(Pit_stop[Column1.driver_number],AvgpitPivot!$F14) -> 40 | I14: 6 | J14: =H14/I14 -> 6.6666667 | K14: 0 | L14: =K14/I14 -> 0
A15: 43 | B15: 27.051625 | C15: =VLOOKUP(A15,Drivers[[Column1.driver_number]:[Column1.full_name]],2,FALSE) -> Franco COLAPINTO | D15: =B15 -> 27.051625 | F15: =A15 -> 43 | G15: =VLOOKUP(A15,Drivers[[Column1.driver_number]:[Column1.full_name]],2,FALSE) -> Franco COLAPINTO | H15: =COUNTIF(Pit_stop[Column1.driver_number],AvgpitPivot!$F15) -> 32 | I15: 6 | J15: =H15/I15 -> 5.3333333 | K15: 0 | L15: =K15/I15 -> 0
A16: 44 | B16: 27.737784 | C16: =VLOOKUP(A16,Drivers[[Column1.driver_number]:[Column1.full_name]],2,FALSE) -> Lewis HAMILTON | D16: =B16 -> 27.737784 | F16: =A16 -> 44 | G16: =VLOOKUP(A16,Drivers[[Column1.driver_number]:[Column1.full_name]],2,FALSE) -> Lewis HAMILTON | H16: =COUNTIF(Pit_stop[Column1.driver_number],AvgpitPivot!$F16) -> 37 | I16: 6 | J16: =H16/I16 -> 6.1666667 | K16: 3 | L16: =K16/I16 -> 0.5
A17: 55 | B17: 26.701275 | C17: =VLOOKUP(A17,Drivers[[Column1.driver_number]:[Column1.full_name]],2,FALSE) -> Carlos SAINZ | D17: =B17 -> 26.701275 | F17: =A17 -> 55 | G17: =VLOOKUP(A17,Drivers[[Column1.driver_number]:[Column1.full_name]],2,FALSE) -> Carlos SAINZ | H17: =COUNTIF(Pit_stop[Column1.driver_number],AvgpitPivot!$F17) -> 40 | I17: 6 | J17: =H17/I17 -> 6.6666667 | K17: 0 | L17: =K17/I17 -> 0
A18: 77 | B18: 27.357 | C18: =VLOOKUP(A18,Drivers[[Column1.driver_number]:[Column1.full_name]],2,FALSE) -> Valtteri BOTTAS | D18: =B18 -> 27.357 | F18: =A18 -> 77 | G18: =VLOOKUP(A18,Drivers[[Column1.driver_number]:[Column1.full_name]],2,FALSE) -> Valtteri BOTTAS | H18: =COUNTIF(Pit_stop[Column1.driver_number],AvgpitPivot!$F18) -> 31 | I18: 6 | J18: =H18/I18 -> 5.1666667 | K18: 0 | L18: =K18/I18 -> 0
A19: 81 | B19: 27.394108 | C19: =VLOOKUP(A19,Drivers[[Column1.driver_number]:[Column1.full_name]],2,FALSE) -> Oscar PIASTRI | D19: =B19 -> 27.394108 | F19: =A19 -> 81 | G19: =VLOOKUP(A19,Drivers[[Column1.driver_number]:[Column1.full_name]],2,FALSE) -> Oscar PIASTRI | H19: =COUNTIF(Pit_stop[Column1.driver_number],AvgpitPivot!$F19) -> 37 | I19: 6 | J19: =H19/I19 -> 6.1666667 | K19: 2 | L19: =K19/I19 -> 0.33333333
A20: 87 | B20: 29.070532 | C20: =VLOOKUP(A20,Drivers[[Column1.driver_number]:[Column1.full_name]],2,FALSE) -> Oliver BEARMAN | D20: =B20 -> 29.070532 | F20: =A20 -> 87 | G20: =VLOOKUP(A20,Drivers[[Column1.driver_number]:[Column1.full_name]],2,FALSE) -> Oliver BEARMAN | H20: =COUNTIF(Pit_stop[Column1.driver_number],AvgpitPivot!$F20) -> 47 | I20: 6 | J20: =H20/I20 -> 7.8333333 | K20: 0 | L20: =K20/I20 -> 0
... A22: 41 | B22: 27.719132 | C22: =VLOOKUP(A22,Drivers[[Column1.driver_number]:[Column1.full_name]],2,FALSE) -> Arvid LINDBLAD | D22: =B22 -> 27.719132 | F22: =A22 -> 41 | G22: =VLOOKUP(A22,Drivers[[Column1.driver_number]:[Column1.full_name]],2,FALSE) -> Arvid LINDBLAD | H22: =COUNTIF(Pit_stop[Column1.driver_number],AvgpitPivot!$F22) -> 38 | I22: 6 | J22: =H22/I22 -> 6.3333333 | K22: 0 | L22: =K22/I22 -> 0

Sheet Avglappivot
A1: Driver number | B1: Average of Column1.lap_duration | C1: Driver name | D1: Avg lap time
A2: 1 | B2: 155.46197 | C2: =VLOOKUP(A2,Drivers[[Column1.driver_number]:[Column1.full_name]],2,FALSE) -> Lando NORRIS | D2: =B2 -> 155.46197
A3: 3 | B3: 156.95794 | C3: =VLOOKUP(A3,Drivers[[Column1.driver_number]:[Column1.full_name]],2,FALSE) -> Max VERSTAPPEN | D3: =B3 -> 156.95794
A4: 5 | B4: 146.41821 | C4: =VLOOKUP(A4,Drivers[[Column1.driver_number]:[Column1.full_name]],2,FALSE) -> Gabriel BORTOLETO | D4: =B4 -> 146.41821
A5: 6 | B5: 154.9573 | C5: =VLOOKUP(A5,Drivers[[Column1.driver_number]:[Column1.full_name]],2,FALSE) -> Isack HADJAR | D5: =B5 -> 154.9573
A6: 10 | B6: 156.00328 | C6: =VLOOKUP(A6,Drivers[[Column1.driver_number]:[Column1.full_name]],2,FALSE) -> Pierre GASLY | D6: =B6 -> 156.00328
A7: 11 | B7: 151.55688 | C7: =VLOOKUP(A7,Drivers[[Column1.driver_number]:[Column1.full_name]],2,FALSE) -> Sergio PEREZ | D7: =B7 -> 151.55688
A8: 12 | B8: 139.27326 | C8: =VLOOKUP(A8,Drivers[[Column1.driver_number]:[Column1.full_name]],2,FALSE) -> Kimi ANTONELLI | D8: =B8 -> 139.27326
A9: 14 | B9: 157.8691 | C9: =VLOOKUP(A9,Drivers[[Column1.driver_number]:[Column1.full_name]],2,FALSE) -> Fernando ALONSO | D9: =B9 -> 157.8691
A10: 16 | B10: 141.52873 | C10: =VLOOKUP(A10,Drivers[[Column1.driver_number]:[Column1.full_name]],2,FALSE) -> Charles LECLERC | D10: =B10 -> 141.52873
A11: 18 | B11: 161.41177 | C11: =VLOOKUP(A11,Drivers[[Column1.driver_number]:[Column1.full_name]],2,FALSE) -> Lance STROLL | D11: =B11 -> 161.41177
A12: 23 | B12: 144.85055 | C12: =VLOOKUP(A12,Drivers[[Column1.driver_number]:[Column1.full_name]],2,FALSE) -> Alexander ALBON | D12: =B12 -> 144.85055
A13: 27 | B13: 159.60438 | C13: =VLOOKUP(A13,Drivers[[Column1.driver_number]:[Column1.full_name]],2,FALSE) -> Nico HULKENBERG | D13: =B13 -> 159.60438
... A23: 41 | B23: 142.03007 | C23: =VLOOKUP(A23,Drivers[[Column1.driver_number]:[Column1.full_name]],2,FALSE) -> Arvid LINDBLAD | D23: =B23 -> 142.03007

Sheet Laps
A1: Column1.session_key | B1: Column1.driver_number | C1: Column1.lap_number | D1: Column1.lap_duration
A2: 11249 | B2: 30 | C2: 1 | D2: 102.953
A3: 11292 | B3: 11 | C3: 1 | D3: 101.299
A4: 11294 | B4: 44 | C4: 1 | D4: 99.13
A5: 11465 | B5: 31 | C5: 1 | D5: 99.848
A6: 11465 | B6: 5 | C6: 1 | D6: 104.846
A7: 11465 | B7: 41 | C7: 1 | D7: 102.009
A8: 11465 | B8: 55 | C8: 1 | D8: 392.014
A9: 11465 | B9: 3 | C9: 1 | D9: 98.291
A10: 11465 | B10: 44 | C10: 1 | D10: 99.976
A11: 11467 | B11: 5 | C11: 1 | D11: 103.713
A12: 11467 | B12: 81 | C12: 1 | D12: 110.245
A13: 11467 | B13: 55 | C13: 1 | D13: 143.883
... A22434: 11299 | B22434: 43 | C22434: 78 | D22434: 76.654

Sheet Pit stop
A1: Column1.session_key | B1: Column1.lap_number | C1: Column1.driver_number | D1: Column1.pit_duration
A2: 11234 | B2: 9 | C2: 43 | D2: 27.7
A3: 11234 | B3: 11 | C3: 1 | D3: 18.2
A4: 11234 | B4: 11 | C4: 31 | D4: 18.5
A5: 11234 | B5: 11 | C5: 10 | D5: 18.6
A6: 11234 | B6: 11 | C6: 55 | D6: 19.8
A7: 11234 | B7: 11 | C7: 30 | D7: 19.1
A8: 11234 | B8: 11 | C8: 14 | D8: 25.895
A9: 11234 | B9: 11 | C9: 18 | D9: 36.686
A10: 11234 | B10: 12 | C10: 63 | D10: 17.794
A11: 11234 | B11: 12 | C11: 12 | D11: 20.985
A12: 11234 | B12: 12 | C12: 77 | D12: 30.387
A13: 11234 | B13: 18 | C13: 41 | D13: 18.506
... A749: 11470 | B749: 60 | C749: 43 | D749: 30.4

Sheet Drivers
A1: Column1.driver_number | B1: Column1.full_name | C1: Column1.team_name
A2: 1 | B2: Lando NORRIS | C2: McLaren
A3: 3 | B3: Max VERSTAPPEN | C3: Red Bull Racing
A4: 5 | B4: Gabriel BORTOLETO | C4: Audi
A5: 6 | B5: Isack HADJAR | C5: Red Bull Racing
A6: 10 | B6: Pierre GASLY | C6: Alpine
A7: 11 | B7: Sergio PEREZ | C7: Cadillac
A8: 12 | B8: Kimi ANTONELLI | C8: Mercedes
A9: 14 | B9: Fernando ALONSO | C9: Aston Martin
A10: 16 | B10: Charles LECLERC | C10: Ferrari
A11: 18 | B11: Lance STROLL | C11: Aston Martin
A12: 23 | B12: Alexander ALBON | C12: Williams
A13: 27 | B13: Nico HULKENBERG | C13: Audi
... A23: 87 | B23: Oliver BEARMAN | C23: Haas F1 Team

Sheet Dashboard
A5: F1- Driver analytics (2026 season)
A7: Driver: | B7: Lewis HAMILTON | D7: Driver: | E7: Lewis HAMILTON
A8: Avg pit lane duration (seconds): | B8: =VLOOKUP(B7,AvgpitPivot!C2:D22,2,FALSE) -> 27.737784 | D8: Avg lap time (seconds): | E8: =VLOOKUP(E7,Avglappivot!C2:D23,2,FALSE) -> 147.85514
A9: Pit stop probability - Poisson model | D9: Podim probability over the next 5 races- Binomial distribution
A10: Stops | B10: Probability | D10: Podiums in the next 5 races | E10: Probability
A11: 0 | B11: =_xlfn.POISSON.DIST(0,VLOOKUP(B7,AvgpitPivot!$G$2:$J$22,4,FALSE),FALSE) -> 0.0020982184 | D11: 0 | E11: =_xlfn.BINOM.DIST(0,5,VLOOKUP(Dashboard!E7,Table8[[Name]:[Podium rate]],6,FALSE),FALSE) -> 0.03125
A12: 1 | B12: =_xlfn.POISSON.DIST(1,VLOOKUP(B7,AvgpitPivot!$G$2:$J$22,4,FALSE),FALSE) -> 0.012939014 | D12: 1 | E12: =_xlfn.BINOM.DIST(1,5,VLOOKUP(Dashboard!E7,Table8[[Name]:[Podium rate]],6,FALSE),FALSE) -> 0.15625
A13: 2 | B13: =_xlfn.POISSON.DIST(2,VLOOKUP(B7,AvgpitPivot!$G$2:$J$22,4,FALSE),FALSE) -> 0.039895292 | D13: 2 | E13: =_xlfn.BINOM.DIST(2,5,VLOOKUP(Dashboard!E7,Table8[[Name]:[Podium rate]],6,FALSE),FALSE) -> 0.3125
A14: 3 | B14: =_xlfn.POISSON.DIST(3,VLOOKUP(B7,AvgpitPivot!$G$2:$J$22,4,FALSE),FALSE) -> 0.082006989 | D14: 3 | E14: =_xlfn.BINOM.DIST(3,5,VLOOKUP(Dashboard!E7,Table8[[Name]:[Podium rate]],6,FALSE),FALSE) -> 0.3125
A15: 4 | B15: =_xlfn.POISSON.DIST(4,VLOOKUP(B7,AvgpitPivot!$G$2:$J$22,4,FALSE),FALSE) -> 0.12642744 | D15: 4 | E15: =_xlfn.BINOM.DIST(4,5,VLOOKUP(Dashboard!E7,Table8[[Name]:[Podium rate]],6,FALSE),FALSE) -> 0.15625
D16: 5 | E16: =_xlfn.BINOM.DIST(5,5,VLOOKUP(Dashboard!E7,Table8[[Name]:[Podium rate]],6,FALSE),FALSE) -> 0.03125
